,City,Cloudiness,Country,Data,Humidity,Lat,Lng,Max Temp,Wind Speed
0,Arraial do Cabo,20,BR,1560895226,78,-22.97,-42.02,23.0,4.1
1,Lityn,15,UA,1560895226,92,49.32,28.09,17.4,1.8
2,Athmallik,100,IN,1560895226,61,20.72,84.53,30.0,4.01
3,Kapaa,20,US,1560895227,66,22.08,-159.32,30.0,5.7
4,Fort Nelson,90,CA,1560895227,82,58.81,-122.69,14.0,7.2
5,Puerto Ayora,75,EC,1560895070,76,-0.74,-90.35,24.7,3.84
6,Hobart,40,AU,1560895007,96,-42.88,147.33,8.0,6.7
7,Borovskoy,0,KZ,1560895228,79,53.8,64.15,7.8,2.1
8,Ushuaia,75,AR,1560895228,93,-54.81,-68.31,6.0,6.7
9,Novosibirsk,90,RU,1560895228,87,55.03,82.92,13.0,8.0
10,Busselton,100,AU,1560895228,75,-33.64,115.35,3.33,3.57
11,Sherbrooke,75,CA,1560895218,35,45.4,-71.89,24.44,1.0
12,Maraa,93,BR,1560895229,70,-1.83,-65.37,29.5,0.95
13,Gewane,95,ET,1560895229,32,10.16,40.66,33.3,3.73
14,San Pedro,0,AR,1560895230,70,-33.68,-59.66,12.78,0.89
15,Rikitea,100,PF,1560895231,71,-23.12,-134.97,22.0,10.39
16,Vaini,57,IN,1560895231,88,15.34,74.49,25.4,1.46
17,Port Elizabeth,1,US,1560895231,58,39.31,-74.98,30.56,5.7
18,Haines Junction,100,CA,1560895231,37,60.75,-137.51,13.2,2.49
19,Tasiilaq,0,GL,1560895232,86,65.61,-37.64,3.0,4.6
20,Simpang,75,MY,1560895232,88,4.82,100.71,27.0,2.1
21,Mataura,99,NZ,1560895232,95,-46.19,168.86,1.67,2.58
22,East London,1,ZA,1560895233,81,-33.02,27.91,14.0,3.78
23,Cherskiy,56,RU,1560895233,43,68.75,161.3,15.5,4.89
24,Sola,0,FI,1560895233,52,62.78,29.36,20.0,3.1
25,Punta Arenas,20,CL,1560895233,70,-53.16,-70.91,8.0,5.7
26,Maxixe,14,MZ,1560895234,86,-23.86,35.35,14.5,1.77
27,Buraydah,0,SA,1560895234,23,26.33,43.97,34.0,5.7
28,Khatanga,100,RU,1560895234,76,71.98,102.47,9.4,8.52
29,Buriti Bravo,98,BR,1560895234,87,-5.84,-43.84,21.8,2.22
30,Ribeira Grande,20,PT,1560895235,77,38.52,-28.7,19.0,3.1
31,Villa Sandino,40,NI,1560895235,74,12.05,-84.99,31.0,2.1
32,Esperance,40,TT,1560895235,88,10.24,-61.45,26.11,4.1
33,Albany,90,US,1560895079,69,42.65,-73.75,24.44,2.71
34,Souillac,26,FR,1560895236,61,45.6,-0.6,25.0,3.68
35,Barrow,99,AR,1560895236,88,-38.31,-60.23,10.2,3.45
36,Georgetown,75,GY,1560895146,74,6.8,-58.16,29.0,5.1
37,Wattegama,100,LK,1560895237,93,7.35,80.68,23.7,1.91
38,Klyuchevskiy,24,RU,1560895237,62,53.53,119.45,14.3,2.04
39,Caborca,0,MX,1560895238,11,30.58,-111.1,37.22,0.89
40,Acapulco,75,MX,1560895238,66,16.86,-99.88,32.0,3.1
41,Bredasdorp,100,ZA,1560895238,76,-34.53,20.04,9.0,1.0
42,Cap-aux-Meules,20,CA,1560895238,76,47.38,-61.86,14.0,5.1
43,Tura,64,IN,1560895239,90,25.52,90.21,25.0,0.23
44,Atuona,33,PF,1560895239,77,-9.8,-139.03,27.4,9.23
45,Cape Town,0,ZA,1560895180,44,-33.93,18.42,19.44,3.6
46,Palanga,1,RO,1560895239,80,44.45,25.08,20.9,2.91
47,Evansville,20,US,1560895230,69,37.97,-87.56,29.44,2.1
48,Kudahuvadhoo,100,MV,1560895240,64,2.67,72.89,29.3,3.67
49,Bluff,0,AU,1560895240,69,-23.58,149.07,10.2,2.62
50,Norman Wells,75,CA,1560895240,55,65.28,-126.83,18.0,2.1
51,Edson,75,CA,1560895241,52,53.59,-116.44,18.0,5.7
52,Mwinilunga,0,ZM,1560895241,61,-11.73,24.43,12.3,2.3
53,La Ronge,40,CA,1560895241,27,55.1,-105.3,25.0,5.7
54,Guerrero Negro,13,MX,1560895241,82,27.97,-114.04,17.1,5.39
55,Gat,48,SN,1560895242,78,14.69,-16.54,25.0,4.1
56,Morondava,0,MG,1560895242,72,-20.3,44.28,23.6,7.95
57,Port Alfred,34,ZA,1560895242,92,-33.59,26.89,15.56,1.34
58,Hofn,100,IS,1560895242,85,64.25,-15.21,-0.31,7.72
59,Hilo,90,US,1560895243,61,19.71,-155.08,28.0,4.6
60,Tiznit,100,MA,1560895243,92,29.7,-9.73,19.0,3.36
61,Kidal,23,ML,1560895243,15,18.44,1.41,36.5,4.9
62,Hermanus,100,ZA,1560895243,34,-34.42,19.24,19.44,1.34
63,Severskaya,0,RU,1560895244,53,44.85,38.68,23.89,4.0
64,Katsuura,75,JP,1560895244,88,33.93,134.5,20.56,3.1
65,Baddomalhi,40,PK,1560895244,69,31.99,74.67,27.0,3.46
66,Mabaruma,100,GY,1560894957,92,8.2,-59.78,26.5,2.17
67,Carnarvon,100,ZA,1560895245,35,-30.97,22.13,12.3,3.32
68,Estevan,90,CA,1560895245,35,49.14,-102.99,23.33,4.1
69,Locri,20,IT,1560895245,78,38.24,16.26,25.0,2.6
70,Pisco,90,PE,1560895245,30,-13.71,-76.2,22.0,2.1
71,Moctezuma,0,MX,1560895246,16,29.81,-109.68,33.2,9.18
72,Itoman,75,JP,1560895246,94,26.12,127.67,27.0,6.7
73,Nalut,0,LY,1560895247,53,31.86,10.98,23.8,7.14
74,Tairua,0,NZ,1560895247,64,-37.02,175.85,10.56,1.34
75,Oktyabrskiy,0,RU,1560895247,64,55.61,37.97,20.0,3.0
76,Khunzakh,5,RU,1560895247,81,42.55,46.71,9.1,1.67
77,Port Macquarie,3,AU,1560895248,93,-31.43,152.91,11.67,1.48
78,Hede,100,SE,1560895248,87,60.45,15.49,16.11,4.6
79,Ugoofaaru,100,MV,1560895248,80,5.67,73.0,28.8,5.56
80,Belgrade,40,RS,1560895249,93,44.82,20.46,19.0,0.5
81,Port Lincoln,99,AU,1560895249,64,-34.72,135.86,11.8,1.29
82,Corral Nuevo,75,MX,1560895249,75,18.11,-95.11,32.22,2.45
83,Yellowknife,75,CA,1560895249,56,62.45,-114.38,20.0,8.2
84,Thompson,20,CA,1560895010,20,55.74,-97.86,25.0,3.1
85,Talnakh,40,RU,1560895250,93,69.49,88.39,5.0,6.0
86,Coahuayana,20,MX,1560895250,57,18.62,-100.35,32.2,1.08
87,Longyearbyen,75,NO,1560895251,74,78.22,15.63,6.0,1.5
88,Nantucket,90,US,1560895111,93,41.28,-70.1,18.33,2.1
89,Kodiak,40,US,1560895251,22,39.95,-94.76,26.11,1.5
90,Saldanha,43,PT,1560895252,82,41.42,-6.55,15.5,2.51
91,Beitbridge,0,ZA,1560895252,47,-22.21,29.99,14.0,5.19
92,Honningsvag,90,NO,1560895252,80,70.98,25.97,4.0,4.1
93,Ilulissat,75,GL,1560895253,61,69.22,-51.1,8.0,1.5
94,Hami,96,CN,1560895253,33,42.84,93.51,23.3,0.82
95,Jamestown,0,AU,1560895253,87,-33.21,138.6,4.5,1.56
96,Lerwick,0,GB,1560895109,87,60.15,-1.15,11.0,4.1
97,Hithadhoo,100,MV,1560895254,68,-0.6,73.08,28.9,2.87
98,Rezekne,0,LV,1560895254,85,56.5,27.32,13.4,1.61
99,Kachiry,24,KZ,1560895255,64,53.07,76.1,12.2,3.73
100,Moron,100,VE,1560894999,80,10.49,-68.2,27.0,3.41
101,Tiarei,75,PF,1560895255,65,-17.53,-149.33,28.0,1.5
102,Berlevag,75,NO,1560895255,77,70.86,29.09,5.0,5.1
103,Petropavlovsk-Kamchatskiy,75,RU,1560895028,93,53.05,158.65,8.0,4.0
104,Shimoda,75,JP,1560895256,88,34.7,138.93,19.0,1.0
105,Kamenz,0,DE,1560895256,68,51.27,14.09,20.56,2.6
106,Te Anau,82,NZ,1560895256,67,-45.41,167.72,3.1,0.34
107,Tuktoyaktuk,75,CA,1560895257,70,69.44,-133.03,8.0,3.1
108,Daru,100,SL,1560895257,99,7.99,-10.85,23.0,1.66
109,Hearst,23,CA,1560895257,26,49.69,-83.67,21.1,2.55
110,Baruun-Urt,1,MN,1560895257,40,46.68,113.28,17.0,2.24
111,Irituia,92,BR,1560895258,95,-1.77,-47.44,25.1,1.91
112,ChengDe,0,CN,1560895258,92,40.97,117.93,15.6,0.85
113,Port Blair,100,IN,1560895258,79,11.67,92.75,28.6,11.35
114,Komsomolskiy,100,RU,1560895259,97,67.55,63.78,-0.51,5.39
115,Geraldton,75,CA,1560895259,48,49.72,-86.95,18.0,1.5
116,Fortuna,20,ES,1560895259,88,38.18,-1.13,22.22,1.0
117,Ngorongoro,63,TZ,1560895260,67,-3.24,35.49,18.5,6.05
118,Perth,75,GB,1560895260,82,56.4,-3.43,13.89,0.5
119,Port-Gentil,40,GA,1560895260,88,-0.72,8.78,25.0,4.6
120,Kozulka,0,UA,1560895261,93,50.04,23.8,18.0,3.16
121,Acari,50,BR,1560895261,66,-6.44,-36.64,26.5,7.79
122,Ormara,86,PK,1560895233,41,25.21,64.64,28.5,0.34
123,Saint-Philippe,1,CA,1560895261,39,45.36,-73.48,27.22,1.55
124,Kieta,100,PG,1560895261,81,-6.22,155.63,25.5,3.17
125,Coos Bay,1,US,1560895262,67,43.37,-124.22,19.44,11.3
126,Jacareacanga,59,BR,1560895262,55,-6.22,-57.76,30.2,1.07
127,Kloulklubed,75,PW,1560895262,94,7.04,134.26,25.0,2.12
128,Warmbad,36,DE,1560895262,68,50.67,13.08,21.67,2.1
129,Bathsheba,40,BB,1560895263,74,13.22,-59.52,29.0,10.8
130,Vila Franca do Campo,20,PT,1560895263,77,37.72,-25.43,18.0,1.5
131,Sitka,17,US,1560895263,52,37.17,-99.65,28.33,3.45
132,Kaitangata,100,NZ,1560895264,78,-46.28,169.85,1.67,1.79
133,Beringovskiy,2,RU,1560895264,31,63.05,179.32,21.4,0.71
134,Thinadhoo,100,MV,1560895068,73,0.53,72.93,28.3,6.28
135,Batticaloa,100,LK,1560895264,79,7.71,81.69,25.7,1.42
136,Kurchanskaya,0,RU,1560895265,73,45.22,37.57,22.78,2.0
137,Sturgis,1,US,1560895265,68,44.41,-103.51,22.78,5.1
138,Kazerun,0,IR,1560895265,14,29.62,51.65,28.4,1.71
139,Nowa Deba,0,PL,1560895265,93,50.43,21.75,20.56,2.6
140,Kukushtan,0,RU,1560895266,76,57.65,56.5,10.0,5.0
141,Raudeberg,75,NO,1560895266,82,61.99,5.14,13.33,9.3
142,Kichera,91,RU,1560895266,90,55.93,110.1,10.5,0.7
143,Kortkeros,0,RU,1560895266,76,61.81,51.56,13.0,4.0
144,Xixiang,20,CN,1560895267,88,22.58,113.87,28.0,1.5
145,Qaanaaq,100,GL,1560895267,93,77.48,-69.36,1.8,1.83
146,Mayo,75,CA,1560895267,43,63.59,-135.9,21.0,1.0
147,Ikongo,56,MG,1560895267,96,-21.88,47.44,11.8,0.61
148,Aras,100,YE,1560895268,67,14.28,44.38,24.0,1.22
149,Yerbogachen,0,RU,1560895268,83,61.28,108.01,10.8,1.55
150,Nastola,0,FI,1560895268,63,60.95,25.93,18.0,1.5
151,Ixtapa,75,MX,1560895269,51,20.71,-105.21,31.11,4.1
152,Neumunster,75,DE,1560895269,93,54.07,9.98,21.0,1.0
153,Avarua,0,CK,1560895269,78,-21.21,-159.78,27.0,4.6
154,Eskilstuna,99,SE,1560895269,93,59.37,16.51,20.0,1.5
155,Palauig,71,PH,1560895270,70,15.44,119.9,29.6,1.19
156,Bethel,75,US,1560895253,72,60.79,-161.76,18.0,5.1
157,Chapais,1,CA,1560895271,48,49.78,-74.86,16.0,2.6
158,Torbay,20,CA,1560895271,66,47.66,-52.73,15.0,6.7
159,Hay River,75,CA,1560895271,68,60.82,-115.79,19.0,4.6
160,Bandarbeyla,47,SO,1560895272,47,9.49,50.81,30.0,8.0
161,San Quintin,76,PH,1560895272,88,17.54,120.52,24.3,1.46
162,Kalmunai,100,LK,1560895272,79,7.42,81.82,25.7,1.42
163,Ocampo,2,PH,1560895272,81,13.56,123.37,26.7,1.79
164,Luderitz,100,NA,1560895273,30,-26.65,15.16,20.0,1.5
165,Kardla,0,EE,1560895273,87,58.44,26.57,15.0,3.1
166,Bilibino,100,RU,1560895273,57,68.06,166.44,15.5,2.58
167,Biala Podlaska,87,PL,1560895273,77,52.03,23.12,16.8,2.97
168,Bykovo,11,RU,1560895274,73,49.76,45.39,18.8,2.56
169,Okitipupa,0,NG,1560895274,93,6.5,4.78,25.0,1.54
170,Bay City,75,US,1560895275,47,43.59,-83.89,27.0,2.6
171,Roverud,0,NO,1560895275,82,60.25,12.05,15.0,3.1
172,Conselheiro Pena,88,BR,1560895275,78,-19.17,-41.47,20.0,1.38
173,Trincomalee,100,LK,1560895275,75,8.58,81.23,27.6,4.86
174,Naranjal,0,PY,1560895276,54,-25.97,-55.19,26.0,3.6
175,Elin Pelin,0,BG,1560895276,88,42.67,23.6,19.0,0.7
176,Imbituba,20,BR,1560895171,83,-28.24,-48.67,22.0,7.2
177,Salalah,20,OM,1560895276,84,17.01,54.1,30.0,0.5
178,Misratah,0,LY,1560895062,77,32.38,15.09,24.6,2.55
179,Butaritari,75,KI,1560895277,78,3.07,172.79,28.7,6.2
180,Maceio,75,BR,1560894909,88,-9.67,-35.74,23.0,3.1
181,Caohe,100,CN,1560895277,97,32.93,105.08,20.0,0.54
182,Provideniya,0,RU,1560895277,66,64.42,-173.23,13.0,6.0
183,Chumikan,58,RU,1560895278,71,54.72,135.31,7.2,2.25
184,Tsiroanomandidy,0,MG,1560895278,70,-18.77,46.05,16.1,0.98
185,Ancud,40,CL,1560895278,93,-41.87,-73.83,9.0,3.1
186,Salinas,40,US,1560895217,68,36.67,-121.66,33.33,4.6
187,Vardo,75,US,1560895279,65,39.62,-77.74,28.33,5.7
188,Manyana,20,AU,1560895279,75,-35.26,150.51,10.0,5.1
189,Zalantun,1,CN,1560895279,55,48.0,122.72,17.7,3.84
190,Camargo,99,MX,1560895280,21,27.69,-105.17,31.6,2.58
191,Bambous Virieux,75,MU,1560895280,64,-20.34,57.76,23.0,5.1
192,Nichinan,90,JP,1560895280,93,31.65,131.31,19.0,3.6
193,Zyryanka,100,RU,1560895281,73,65.73,150.89,15.7,5.15
194,Stettler,100,CA,1560895281,56,52.32,-112.71,21.11,1.34
195,Saint George,75,GR,1560895281,68,39.45,22.34,22.0,1.88
196,New Norfolk,75,AU,1560895281,96,-42.78,147.06,7.0,5.1
197,Biak,91,ID,1560895282,97,-0.91,122.88,17.4,1.96
198,Axim,1,GH,1560895282,88,4.87,-2.24,26.1,3.87
199,Kavaratti,100,IN,1560895282,75,10.57,72.64,29.3,9.5
200,Castro,40,CL,1560895238,93,-42.48,-73.76,9.0,3.1
201,Yarada,20,IN,1560895283,84,17.65,83.27,30.0,1.0
202,Poum,52,MK,1560895283,83,41.28,20.71,14.0,0.08
203,Solnechnyy,100,RU,1560895284,77,50.72,136.64,6.2,2.37
204,Neijiang,100,CN,1560895284,96,29.59,105.06,21.4,1.65
205,Constitucion,75,MX,1560895284,20,23.99,-104.67,29.0,2.1
206,Bad Kissingen,100,DE,1560895285,83,50.2,10.08,20.0,0.96
207,College,1,US,1560894987,43,64.86,-147.8,23.33,1.5
208,Ostrovnoy,38,RU,1560895285,84,68.05,39.51,1.4,0.27
209,Narsaq,75,GL,1560895285,47,60.91,-46.05,14.0,7.2
210,San Ramon,40,NI,1560895286,61,12.92,-85.84,27.0,6.2
211,Clyde River,75,CA,1560895286,48,70.47,-68.59,16.0,8.2
212,Ankang,100,CN,1560895287,87,32.73,108.99,18.7,0.76
213,Grindavik,40,IS,1560895287,61,63.84,-22.43,9.44,9.3
214,Vostok,3,RU,1560895287,97,46.45,135.83,11.7,1.24
215,Brae,0,GB,1560895287,87,60.4,-1.35,11.0,6.7
216,Bodden Town,40,KY,1560895288,70,19.28,-81.25,32.0,6.7
217,Victoria,75,BN,1560894992,88,5.28,115.24,28.0,1.0
218,Ponta do Sol,85,BR,1560895288,68,-20.63,-46.0,19.0,0.84
219,Barahona,20,DO,1560895289,74,18.21,-71.1,30.0,6.2
220,Ucluelet,75,CA,1560894994,59,48.94,-125.55,18.0,6.2
221,Xining,32,CN,1560895289,81,36.62,101.77,4.1,1.35
222,Maniitsoq,0,GL,1560895289,70,65.42,-52.9,7.7,1.81
223,Saskylakh,51,RU,1560895289,56,71.97,114.09,17.8,7.9
224,Kruisfontein,68,ZA,1560895290,36,-34.0,24.73,17.1,4.5
225,Mahebourg,75,MU,1560895290,64,-20.41,57.7,23.0,5.1
226,Kahului,40,US,1560895049,61,20.89,-156.47,28.0,7.2
227,Monkton,20,GB,1560895291,82,51.34,1.28,16.67,2.6
228,Kidero,62,RU,1560895291,93,42.19,45.96,2.5,0.16
229,Abaza,67,RU,1560895291,92,52.65,90.1,10.8,1.78
230,Kedgwick,100,CA,1560895291,51,47.65,-67.35,18.5,2.43
231,Chuy,100,UY,1560895292,90,-33.69,-53.46,16.3,5.82
232,Puerto Madryn,40,AR,1560895292,100,-42.77,-65.04,10.0,2.1
233,Sovetskiy,82,RU,1560895292,90,56.76,48.47,13.8,1.7
234,Honiara,75,SB,1560895292,94,-9.43,159.96,26.0,3.26
235,Yining,94,CN,1560895293,98,29.04,114.56,22.3,0.37
236,San Andres,22,PH,1560895293,89,13.32,122.68,25.2,1.22
237,Fairbanks,1,US,1560895294,43,64.84,-147.72,24.44,1.5
238,Upernavik,93,GL,1560895294,84,72.79,-56.15,3.0,1.01
239,Sokol,0,RU,1560895294,91,59.46,40.11,14.3,2.98
240,Isangel,20,VU,1560895295,78,-19.55,169.27,25.0,3.78
241,Lebu,40,ET,1560895295,87,8.96,38.73,14.0,1.0
242,Harper,1,US,1560895295,41,30.3,-99.24,34.0,3.6
243,Saint-Georges,90,CA,1560895295,49,46.12,-70.67,23.89,1.79
244,Garowe,7,SO,1560895296,46,8.41,48.48,28.9,9.67
245,Sao Joao da Barra,0,BR,1560895296,78,-21.64,-41.05,23.0,1.0
246,Coari,89,BR,1560895296,73,-4.09,-63.14,29.3,0.73
247,Kozhevnikovo,89,RU,1560895296,91,56.26,83.98,13.89,5.11
248,Airai,100,TL,1560895297,65,-8.93,125.41,19.7,2.26
249,Sao Filipe,0,CV,1560895297,83,14.9,-24.5,23.6,13.48
250,Avera,40,US,1560895297,55,33.19,-82.53,33.0,2.1
251,Ushtobe,47,KZ,1560895298,35,45.25,77.98,18.6,1.71
252,Cam Ranh,20,VN,1560895298,74,11.92,109.15,29.0,2.1
253,Dayong,100,PH,1560895298,72,11.74,122.04,29.5,4.93
254,Watsa,4,CD,1560895298,98,3.04,29.53,18.4,0.16
255,Saint Anthony,40,US,1560895299,34,43.97,-111.68,26.11,7.7
256,Sept-Iles,40,CA,1560895299,51,50.2,-66.38,17.0,6.7
257,Mwense,0,ZM,1560895299,54,-10.39,28.7,14.2,1.78
258,Jobabo,4,CU,1560895300,43,20.91,-77.28,35.0,2.33
259,Lavrentiya,0,RU,1560895300,35,65.58,-170.99,14.0,2.43
260,Rawson,40,AR,1560895300,100,-43.3,-65.11,10.0,2.1
261,Hasaki,75,JP,1560895300,88,35.73,140.83,21.11,1.5
262,Sibolga,100,ID,1560895301,72,1.74,98.78,28.6,0.92
263,Bara,9,NG,1560895301,66,10.41,10.6,27.9,4.9
264,Dikson,100,RU,1560895302,90,73.51,80.55,2.6,6.39
265,Mar del Plata,99,AR,1560895302,50,-46.43,-67.52,8.0,7.11
266,Naze,93,NG,1560895302,89,5.43,7.07,25.1,2.66
267,Pevek,100,RU,1560895302,74,69.7,170.27,4.0,1.94
268,Nigde,91,TR,1560895303,82,37.97,34.68,14.6,1.07
269,San Juan Bautista,93,PY,1560895303,74,-26.67,-57.15,16.4,5.11
270,San Patricio,88,PY,1560895303,77,-26.98,-56.83,16.3,3.57
271,Shaoguan,98,CN,1560895303,97,24.81,113.59,23.4,0.39
272,Iqaluit,20,CA,1560895304,66,63.75,-68.52,11.0,2.1
273,Washougal,1,US,1560895161,43,45.58,-122.35,24.44,2.6
274,Broome,100,GB,1560895304,87,52.47,1.45,16.11,0.5
275,Ayan,76,TR,1560895305,90,40.67,33.6,12.3,1.59
276,Naryan-Mar,100,RU,1560895305,76,67.67,53.09,2.2,6.58
277,Basco,1,US,1560895305,50,40.33,-91.2,27.22,2.5
278,Hambantota,0,LK,1560895306,100,6.12,81.12,27.0,4.1
279,Severo-Kurilsk,100,RU,1560895306,84,50.68,156.12,6.5,4.83
280,Outram,100,NZ,1560895306,72,-45.86,170.23,6.11,2.68
281,Kita,75,JP,1560895306,78,35.76,139.74,23.89,3.1
282,Hamilton,75,BM,1560895307,74,32.3,-64.78,28.0,3.6
283,Cabo San Lucas,20,MX,1560895074,65,22.89,-109.91,37.78,3.6
284,Necochea,98,AR,1560895227,93,-38.55,-58.74,9.44,6.71
285,Nanortalik,99,GL,1560895307,87,60.14,-45.24,2.0,1.84
286,Shenjiamen,100,CN,1560895308,95,29.96,122.3,22.8,4.49
287,Victoria Point,0,AU,1560895308,81,-27.58,153.3,15.0,3.1
288,Bowen,13,AU,1560895308,100,-20.01,148.25,14.44,1.5
289,Faya,0,SA,1560895309,83,18.39,42.45,23.0,1.5
290,Vestmannaeyjar,40,IS,1560895309,66,63.44,-20.27,9.0,7.7
291,Wladyslawowo,0,PL,1560895309,77,54.79,18.4,19.44,1.5
292,Nienburg,0,DE,1560895310,68,51.84,11.77,22.78,4.1
293,Manggar,100,ID,1560895310,95,-2.88,108.27,24.7,1.88
294,Coihaique,75,CL,1560895311,61,-45.58,-72.07,9.0,2.1
295,Touros,20,BR,1560895311,94,-5.2,-35.46,25.0,2.6
296,Meulaboh,100,ID,1560895311,74,4.14,96.13,28.2,2.35
297,Oranjemund,100,ZA,1560895311,59,-28.55,16.43,16.1,2.23
298,Kirkland Lake,90,CA,1560895312,52,48.15,-80.03,21.0,3.6
299,Muswellbrook,0,AU,1560895312,94,-32.27,150.89,3.1,0.93
300,Paamiut,100,GL,1560895312,77,61.99,-49.67,6.1,1.02
301,Portland,1,US,1560895122,46,45.52,-122.67,23.89,3.6
302,Parana,40,BR,1560895313,52,-7.52,-72.89,32.0,1.5
303,Lasa,40,CY,1560895313,83,34.92,32.53,24.0,2.1
304,Xinqing,100,CN,1560895313,95,48.28,129.53,11.4,2.56
305,Pacific Grove,40,US,1560895314,68,36.62,-121.92,32.22,4.6
306,Ures,0,MX,1560895314,16,30.73,-112.95,34.44,3.13
307,Sisimiut,0,GL,1560895314,72,66.94,-53.67,5.0,7.0
308,Qasigiannguit,75,GL,1560895314,61,68.82,-51.19,8.0,1.5
309,Bushehr,0,IR,1560895315,52,28.97,50.84,33.0,5.1
310,Vila Velha,20,BR,1560895315,78,-3.71,-38.6,30.0,4.6
311,Saint-Augustin,0,FR,1560895315,60,44.83,-0.61,22.0,9.3
312,Kununurra,23,AU,1560895315,28,-15.77,128.74,22.0,4.6
313,Mudu,48,CN,1560895316,1,31.26,120.51,24.44,1.65
314,Lata,33,IN,1560895316,69,30.78,78.62,-0.51,1.07
315,Gillette,1,US,1560895091,56,44.29,-105.5,21.0,5.7
316,Egvekinot,0,RU,1560895316,42,66.32,-179.17,17.6,2.62
317,Roald,75,NO,1560895317,87,62.58,6.12,12.0,2.6
318,Sterling,40,US,1560895202,51,39.0,-77.4,30.0,3.6
319,Nchelenge,0,ZM,1560895317,57,-9.35,28.74,16.3,2.97
320,Harindanga,75,IN,1560895317,88,22.04,88.32,28.0,3.49
321,Dunedin,100,NZ,1560895318,72,-45.87,170.5,6.11,2.68
322,Samarai,99,PG,1560895318,92,-10.62,150.67,22.6,3.25
323,Clarksburg,75,US,1560895319,65,39.24,-77.28,30.0,5.7
324,Manokwari,100,ID,1560895319,76,-0.87,134.08,23.9,2.01
325,Mehamn,90,NO,1560895320,80,71.03,27.85,4.0,4.1
326,Pohorelice,0,CZ,1560895320,73,48.98,16.52,21.67,3.6
327,Yarim,100,YE,1560895265,67,14.3,44.38,24.0,1.22
328,Zheshart,100,RU,1560895320,70,62.09,49.59,10.0,2.1
329,Dolores,95,AR,1560895321,76,-36.31,-57.68,10.1,9.03
330,Lubango,0,AO,1560895321,56,-14.92,13.49,17.8,1.44
331,Oistins,40,BB,1560895145,74,13.07,-59.53,29.0,10.8
332,Nikolskoye,0,RU,1560895321,67,59.7,30.79,15.0,2.0
333,Leningradskiy,1,RU,1560895322,83,69.38,178.42,4.0,4.58
334,The Valley,75,AI,1560895322,69,18.22,-63.06,29.0,7.2
335,Iacu,72,BR,1560895322,69,-12.77,-40.21,23.0,2.62
336,Muriwai Beach,0,NZ,1560895322,87,-36.82,174.45,10.0,1.5
337,Cayenne,0,GF,1560895323,78,4.94,-52.33,28.0,4.1
338,Porto de Moz,6,BR,1560895046,92,-1.75,-52.24,26.1,1.29
339,Westport,61,IE,1560895323,90,53.8,-9.52,13.33,8.05
340,Mawlaik,100,MM,1560895324,89,23.63,94.42,23.6,0.96
341,Zhigansk,52,RU,1560895324,30,66.77,123.37,22.4,1.99
342,Gorontalo,1,ID,1560895324,93,0.54,123.06,22.6,1.06
343,Buala,27,SB,1560895324,78,-8.15,159.59,26.9,0.73
344,Jiutai,40,CN,1560895325,77,44.15,125.84,17.0,4.0
345,Champerico,40,MX,1560895325,49,16.38,-93.6,34.0,2.1
346,Paita,0,PE,1560895072,290,-5.09,-81.11,17.0,7.2
347,Playa Vicente,58,MX,1560895325,60,17.83,-95.81,32.22,1.79
348,Seoul,90,KR,1560895202,100,37.57,126.98,20.0,0.5
349,Walvis Bay,64,NA,1560895326,24,-22.95,14.51,27.0,6.2
350,Tokur,100,RU,1560895327,97,53.13,132.9,2.8,3.98
351,Tambacounda,75,SN,1560895327,63,13.77,-13.67,34.0,3.1
352,Rocha,100,UY,1560895327,89,-34.48,-54.34,12.6,4.89
353,Panotla,40,MX,1560895327,41,19.31,-98.27,25.0,3.6
354,Brus Laguna,32,HN,1560895328,82,15.75,-84.48,28.8,8.47
355,Makakilo City,75,US,1560895328,52,21.35,-158.09,32.0,5.1
356,Nouakchott,5,MR,1560895328,61,18.08,-15.98,27.0,7.7
357,Porto Seguro,75,BR,1560895329,78,-16.44,-39.06,23.0,1.63
358,Sangolqui,31,EC,1560895329,73,-0.33,-78.45,11.11,0.45
359,Katherine,14,AU,1560895281,53,-14.47,132.26,10.0,4.1
360,Nogent-le-Rotrou,0,FR,1560895329,82,48.32,0.82,24.0,3.6
361,Inhambane,14,MZ,1560895330,86,-23.87,35.38,14.5,1.77
362,Burnie,0,AU,1560895330,94,-41.05,145.91,5.56,1.34
363,Bonfim,0,BR,1560895330,53,-20.33,-44.24,22.0,4.1
364,Baoqing,61,CN,1560895331,82,46.32,132.2,14.5,1.48
365,Sinnamary,100,GF,1560895331,78,5.38,-52.96,27.8,5.17
366,Gonen,2,IL,1560895332,87,33.12,35.65,22.22,1.74
367,Olinda,76,EC,1560895332,80,-2.03,-79.75,28.89,3.04
368,Muzhi,1,RU,1560895332,88,65.4,64.7,1.7,4.36
369,Chokurdakh,33,RU,1560895333,69,70.62,147.9,9.5,4.73
370,Nizhniy Chir,0,RU,1560895333,62,48.36,43.08,20.1,3.07
371,Naifaru,100,MV,1560895120,78,5.44,73.37,28.8,5.24
372,Abu Dhabi,0,AE,1560894983,59,24.47,54.37,34.0,1.5
373,Big Spring,40,US,1560895254,36,32.25,-101.48,35.0,3.1
374,Rosario,99,UY,1560895334,74,-34.31,-57.35,12.8,11.44
375,Diamantino,0,BR,1560895334,48,-14.4,-56.44,26.4,0.54
376,Labuhan,86,ID,1560895334,95,-2.54,115.51,22.0,0.47
377,Crotone,94,IT,1560895335,77,39.09,17.12,22.3,1.96
378,Katobu,100,ID,1560895335,88,-4.94,122.53,22.3,1.66
379,Kangaatsiaq,16,GL,1560895335,74,68.31,-53.46,6.2,4.69
380,Micheweni,0,TZ,1560895335,79,-4.97,39.83,26.3,7.5
381,Mitsamiouli,32,KM,1560895336,79,-11.38,43.28,26.0,9.3
382,Bremervorde,75,DE,1560895336,88,53.48,9.13,21.67,3.1
383,Narasapur,100,IN,1560895336,63,16.45,81.67,28.3,2.37
384,Skibbereen,40,IE,1560895336,76,51.55,-9.27,13.0,5.7
385,Aquiraz,20,BR,1560895204,78,-3.9,-38.39,30.0,4.6
386,Kavieng,100,PG,1560895337,74,-2.57,150.8,28.4,5.7
387,Deputatskiy,1,RU,1560895337,61,69.3,139.9,12.6,2.39
388,Salvador,40,BR,1560895214,65,-12.98,-38.48,27.0,4.1
389,Fukue,20,JP,1560895338,77,35.03,136.69,23.89,3.6
390,Tomatlan,46,MX,1560895338,55,19.93,-105.25,30.4,5.01
391,Kupang,93,ID,1560895338,70,-10.16,123.6,24.2,5.38
392,Sao Joao de Pirabas,42,BR,1560895338,96,-0.77,-47.18,24.9,1.3
393,Tilichiki,100,RU,1560895339,84,60.47,166.1,8.5,0.83
394,Coquimbo,0,CL,1560895339,41,-29.95,-71.34,16.0,2.6
395,Ntchisi,21,MW,1560895339,73,-13.36,33.92,14.6,2.24
396,Calama,0,CL,1560895339,10,-22.46,-68.93,23.0,7.7
397,Batemans Bay,0,AU,1560895340,93,-35.71,150.18,4.44,1.7
398,Pangnirtung,75,CA,1560895340,66,66.15,-65.72,9.0,4.6
399,Corn Island,14,NI,1560895340,84,12.17,-83.04,28.6,6.34
400,Gander,90,CA,1560895340,93,48.95,-54.61,10.0,5.7
401,Aviles,75,ES,1560895341,93,43.55,-5.92,16.67,3.1
402,Winnemucca,1,US,1560895341,16,40.97,-117.74,29.0,2.6
403,Dakar,22,SN,1560895321,78,14.69,-17.45,25.0,4.1
404,Eldorado,20,MX,1560895342,34,24.32,-107.36,35.0,5.7
405,Acajutla,0,SV,1560895342,73,13.59,-89.83,32.22,0.45
406,Mandalgovi,31,MN,1560895342,38,45.76,106.27,17.9,3.07
407,Bolitoc,100,PH,1560895342,73,15.74,119.88,29.4,2.63
408,Preobrazheniye,16,RU,1560895343,96,42.9,133.91,12.3,1.69
409,Port Hardy,75,CA,1560895343,63,50.7,-127.42,16.0,6.2
410,Sfantu Gheorghe,20,RO,1560895343,78,44.65,26.83,24.44,2.6
411,Codrington,40,AU,1560895343,100,-28.95,153.24,13.89,3.1
412,Grootegast,50,NL,1560895344,77,53.21,6.27,18.33,2.6
413,Namatanai,100,PG,1560895344,88,-3.66,152.44,25.7,6.71
414,Beloha,0,MG,1560895344,76,-25.17,45.06,16.5,1.85
415,Flinders,20,AU,1560895344,75,-34.58,150.85,10.0,5.1
416,Mnogovershinnyy,100,RU,1560895345,87,53.94,139.92,5.2,3.25
417,Quatre Cocos,75,MU,1560895345,64,-20.21,57.76,23.0,5.1
418,Natal,40,BR,1560895345,78,-5.81,-35.21,26.0,3.6
419,Aljezur,0,PT,1560895346,89,37.31,-8.8,18.89,0.89
420,Cidreira,33,BR,1560895346,71,-30.17,-50.22,21.8,0.96
421,Shache,100,CN,1560895346,27,38.42,77.24,23.9,9.01
422,Goure,46,NE,1560895346,20,13.98,10.27,35.8,2.98
423,Nikolayevka,0,RU,1560895347,69,47.31,38.84,19.9,1.76
424,Wajima,100,JP,1560895347,91,37.4,136.9,18.9,5.78
425,Aklavik,20,CA,1560895347,44,68.22,-135.01,16.0,1.5
426,Bundaberg,0,AU,1560895348,76,-24.87,152.35,10.0,3.1
427,Santa Lucia,5,IT,1560895348,40,39.93,9.66,23.0,1.5
428,Santa Cruz de la Palma,0,ES,1560895349,83,28.68,-17.76,22.0,1.5
429,Brownsville,75,US,1560895226,56,25.91,-97.49,35.0,5.7
430,Inongo,14,CD,1560895349,54,-1.93,18.29,26.3,0.75
431,Nizhnevartovsk,0,RU,1560895349,81,60.93,76.58,10.0,2.0
432,Carutapera,82,BR,1560895350,83,-1.2,-46.02,26.2,3.03
433,Gupitan,85,PH,1560895350,98,7.78,125.64,20.4,0.86
434,New Iberia,40,US,1560895215,59,30.0,-91.82,35.0,1.5
435,Newport,40,GB,1560895351,100,51.59,-3.0,15.0,1.0
436,Kabanjahe,100,ID,1560895351,96,3.1,98.49,22.1,0.88
437,Amahai,79,ID,1560895351,93,-3.31,129.0,25.56,5.71
438,Pasighat,1,IN,1560895352,95,28.06,95.33,20.7,1.7
439,Den Helder,90,NL,1560895352,77,52.96,4.76,20.0,6.2
440,Grande Prairie,40,CA,1560895206,31,55.17,-118.79,18.0,10.3
441,Grand Gaube,75,MU,1560895353,64,-20.01,57.66,23.0,5.1
442,Ust-Kuyga,20,RU,1560895353,49,70.0,135.55,16.9,1.9
443,Aripuana,0,BR,1560895353,50,-9.17,-60.63,30.1,0.36
444,Pinawa,18,CA,1560895354,24,50.15,-95.88,26.11,0.89
445,El Alto,20,BO,1560895354,24,-16.5,-68.19,14.0,4.6
446,Sasaram,70,IN,1560895354,38,24.95,84.01,32.2,2.6
447,Bartica,40,GY,1560895354,83,6.41,-58.62,29.0,5.1
448,Puerto Escondido,20,MX,1560895355,66,15.86,-97.07,32.0,1.5
449,Medicine Hat,90,CA,1560895355,46,50.04,-110.68,23.89,2.6
450,Biltine,0,TD,1560895355,24,14.53,20.93,34.6,3.36
451,Beira,20,ES,1560895355,82,43.2,-8.36,18.33,4.6
452,Waddan,0,LY,1560895356,23,29.16,16.14,31.6,3.85
453,Vestmanna,41,FO,1560895356,93,62.16,-7.17,8.0,1.0
454,Quang Ngai,62,VN,1560895356,95,15.12,108.8,21.3,1.34
455,Prieska,100,ZA,1560895356,30,-29.67,22.74,14.3,4.37
456,Kysyl-Syr,29,RU,1560895357,58,63.9,122.77,18.3,1.89
457,Dingle,100,PH,1560895357,84,11.0,122.67,24.5,1.65
458,Tuatapere,100,NZ,1560895357,95,-46.13,167.69,1.67,4.84
459,Opuwo,0,NA,1560895357,38,-18.06,13.84,15.4,3.42
460,Beyneu,0,KZ,1560895358,18,45.32,55.19,24.7,3.38
461,Pontianak,69,ID,1560895358,79,-0.02,109.34,27.7,3.31
462,Betare Oya,31,CM,1560895358,89,5.6,14.08,20.9,1.02
463,Caravelas,11,BR,1560895358,73,-17.73,-39.27,23.2,3.22
464,Lompoc,90,US,1560895224,82,34.64,-120.46,23.0,3.6
465,Sheksna,0,RU,1560895359,80,59.21,38.5,14.1,2.86
466,Ilhabela,78,BR,1560895359,79,-23.78,-45.36,22.9,6.36
467,Kargasok,100,RU,1560895359,99,59.06,80.87,12.2,0.75
468,Lagoa,75,PT,1560895360,93,37.14,-8.45,19.0,3.1
469,Juneau,90,US,1560895360,81,58.3,-134.42,12.78,1.79
470,Belmonte,52,PT,1560895361,92,40.36,-7.35,17.22,1.42
471,Faanui,56,PF,1560895361,81,-16.48,-151.75,26.9,9.34
472,Aleksandrov Gay,0,RU,1560895361,67,50.14,48.57,17.3,0.95
473,Kovernino,0,RU,1560895362,93,57.13,43.81,13.8,1.69
474,Huarmey,1,PE,1560895362,83,-10.07,-78.15,18.3,4.82
475,Atar,0,MR,1560895362,11,20.52,-13.05,38.0,5.73
476,Black River,20,JM,1560895362,55,18.03,-77.85,33.0,11.3
477,Cockburn Town,56,TC,1560895363,80,21.46,-71.14,27.6,9.36
478,Maraba,20,BR,1560895363,62,-5.35,-49.1,31.0,1.5
479,Murgab,0,TM,1560895363,47,37.5,61.97,25.0,2.1
480,Sabha,0,LY,1560895364,12,27.03,14.43,35.7,7.21
481,Mkushi,0,ZM,1560895364,90,-13.61,29.4,10.6,2.59
482,Khor,89,RU,1560895364,90,47.88,134.96,12.9,4.46
483,Batagay,77,RU,1560895365,49,67.65,134.64,18.5,0.84
484,Riberalta,75,BO,1560895365,62,-11.0,-66.08,31.0,1.06
485,Chulym,64,RU,1560895365,96,55.09,80.97,7.8,6.33
486,Wahiawa,1,US,1560895365,61,21.5,-158.02,32.0,5.7
487,Karratha,0,AU,1560895366,59,-20.74,116.85,14.7,1.66
488,Rio Grande,0,BR,1560895209,69,-32.03,-52.1,24.0,2.18
489,Cisternino,20,IT,1560895366,94,40.74,17.43,25.0,1.0
490,Presidente Olegario,63,BR,1560895366,67,-18.42,-46.42,21.11,0.45
491,Port Keats,74,AU,1560895367,31,-14.25,129.55,19.3,7.0
492,Diffa,0,NE,1560895367,22,13.32,12.61,35.4,3.77
493,Pochutla,20,MX,1560895367,59,15.74,-96.47,33.33,5.1
494,Tshane,0,BW,1560895367,39,-24.02,21.87,12.5,3.33
495,Otavi,0,NA,1560895368,38,-19.64,17.34,13.5,3.56
496,Sao Joao do Piaui,100,BR,1560895120,85,-8.36,-42.25,21.8,0.81
497,Mount Isa,0,AU,1560895368,57,-20.73,139.49,10.0,3.1
498,Lipova,0,RO,1560895369,94,46.09,21.7,23.33,1.0
499,Beyla,90,GN,1560895369,80,8.69,-8.65,25.0,0.73
500,Larsnes,75,NO,1560895369,87,62.2,5.58,13.33,2.6
501,Dukat,94,RS,1560895369,84,42.44,22.31,17.78,2.24
502,Energetik,52,RU,1560895370,69,51.74,58.8,11.5,2.71
503,Sung Noen,100,TH,1560895370,88,14.9,101.82,23.8,3.29
504,Taoudenni,0,ML,1560895370,7,22.68,-3.98,37.6,4.11
505,Selenginsk,20,RU,1560895370,87,52.01,106.87,9.0,2.0
506,Neuquen,0,AR,1560895102,41,-38.95,-68.06,14.0,9.3
507,Senanga,0,ZM,1560895371,42,-16.1,23.3,13.2,2.78
508,Bulgan,100,MN,1560895371,89,48.81,103.53,11.9,0.81
509,Santa Rosa,75,AR,1560895373,50,-36.62,-64.29,13.0,9.3
510,Novokizhinginsk,36,RU,1560895373,92,51.61,109.59,10.3,2.31
511,Viedma,100,AR,1560895374,91,-40.81,-62.99,12.0,14.56
512,Wyndham,100,GB,1560895374,93,51.61,-3.54,14.44,1.0
513,Inta,91,RU,1560895375,86,66.04,60.13,1.9,5.21
514,Lorengau,100,PG,1560895375,85,-2.02,147.27,26.3,3.65
515,Awjilah,54,LY,1560895375,16,29.14,21.3,35.7,10.14
516,Kuryk,14,KZ,1560895375,22,43.18,51.68,27.0,3.82
517,Chestermere,20,CA,1560895112,52,51.04,-113.82,21.0,5.7
518,Sao Felix do Xingu,27,BR,1560895376,70,-6.64,-51.99,26.5,1.45
519,Volyne,1,CZ,1560895376,92,49.17,13.89,22.22,3.46
520,Altay,33,CN,1560895376,48,47.83,88.13,11.4,3.57
521,Aguimes,75,ES,1560895377,83,27.91,-15.45,23.0,3.6
522,Ponta Delgada,20,PT,1560895377,77,37.73,-25.67,18.0,1.5
523,Jos,0,NG,1560895377,91,9.92,8.9,22.1,1.56
524,Cabedelo,75,BR,1560895377,100,-6.97,-34.84,24.0,1.0
525,Vrangel,37,RU,1560895378,98,42.73,133.08,12.1,1.93
526,Margate,75,AU,1560895378,96,-43.03,147.26,7.0,5.1
527,Rio Brilhante,9,BR,1560895378,57,-21.8,-54.54,22.7,1.01
528,Inirida,2,CO,1560895378,87,3.87,-67.92,27.5,0.36
529,Naguabo,90,PR,1560895379,70,18.21,-65.73,30.0,5.1
530,Klaksvik,41,FO,1560895379,93,62.23,-6.59,8.0,1.0
531,Pancesti,0,RO,1560895379,88,46.33,27.08,20.0,3.6
532,Mae Hong Son,100,MM,1560895379,96,19.3,97.96,22.1,0.38
533,Murray Bridge,0,AU,1560895380,91,-35.12,139.28,6.67,1.79
534,Corrales,14,CO,1560895380,63,5.83,-72.84,16.4,1.25
535,Huntington,90,US,1560895380,88,40.87,-73.43,22.22,2.6
536,Noyabrsk,99,RU,1560895208,83,63.2,75.45,7.7,2.6
537,Ulaanbaatar,20,MN,1560895125,81,47.92,106.92,11.0,1.81
538,Tadine,67,NC,1560895381,74,-21.55,167.88,22.9,3.53
539,General Pico,94,AR,1560895381,41,-35.66,-63.75,13.5,10.6
540,Pangody,82,RU,1560895382,85,65.85,74.49,4.0,2.54
541,Matamoros,75,US,1560895382,56,25.87,-97.51,35.0,5.7
542,Samana,28,EC,1560895382,86,0.12,-76.97,26.1,0.32
543,Bongandanga,98,CD,1560895382,89,1.51,21.07,23.3,0.93
544,Lazaro Cardenas,75,MX,1560895162,15,28.39,-105.62,34.0,2.1
545,Mlandizi,20,TZ,1560895383,94,-6.71,38.74,23.0,3.6
546,Gainesville,90,US,1560895268,78,29.65,-82.33,32.22,4.1
547,Selkirk,40,CA,1560895383,29,50.15,-96.88,25.56,3.1
548,Noumea,0,NC,1560895300,82,-22.28,166.46,20.0,1.5
549,Cedarburg,75,US,1560895384,64,43.3,-87.99,26.11,2.6
550,Gossaigaon,27,IN,1560895384,89,26.45,89.99,25.1,1.39
551,Mittersill,33,AT,1560895384,68,47.28,12.48,20.0,1.5
552,Abha,0,SA,1560895385,83,18.22,42.5,23.0,1.5
553,Kutum,1,SD,1560895385,31,14.2,24.66,29.2,3.28
554,Lac du Bonnet,0,CA,1560895385,24,50.25,-96.06,26.11,0.89
555,Lovozero,54,RU,1560895385,69,68.01,35.02,6.3,2.53
556,Jalapa,40,GT,1560895252,48,14.63,-89.98,28.0,4.1
557,Waipawa,0,NZ,1560895386,94,-39.94,176.59,6.11,1.13
558,Longyan,98,CN,1560895386,98,25.1,117.03,21.3,1.16
559,Tiksi,100,RU,1560895252,52,71.64,128.87,10.2,5.03
560,Najran,0,SA,1560895387,17,17.54,44.22,29.0,2.36
561,Aguie,17,NE,1560895387,19,13.51,7.78,37.2,3.25
562,Aga,0,EG,1560895387,79,30.94,31.29,21.2,1.98
563,Teguldet,100,RU,1560895387,98,57.31,88.17,13.3,3.29
